"StichtagDatJahr","QuarSort","QuarLang","AnzBestWir"
2016,123,"Hirzenbach",12463
2015,123,"Hirzenbach",11930
2014,123,"Hirzenbach",11679
2013,123,"Hirzenbach",11153
2012,123,"Hirzenbach",11404
2011,123,"Hirzenbach",11516
2010,123,"Hirzenbach",11459
2009,123,"Hirzenbach",11610
2008,123,"Hirzenbach",11478
2007,123,"Hirzenbach",11343
2006,123,"Hirzenbach",11205
2005,123,"Hirzenbach",11265
2004,123,"Hirzenbach",11336
2003,123,"Hirzenbach",11432
2002,123,"Hirzenbach",11434
2001,123,"Hirzenbach",11302
2000,123,"Hirzenbach",11281
1999,123,"Hirzenbach",11119
1998,123,"Hirzenbach",11015
1997,123,"Hirzenbach",11013
1996,123,"Hirzenbach",10990
1995,123,"Hirzenbach",10995
1994,123,"Hirzenbach",10895
1993,123,"Hirzenbach",10834
1992,123,"Hirzenbach",10802
1991,123,"Hirzenbach",10922
1990,123,"Hirzenbach",10958
1989,123,"Hirzenbach",10983
1988,123,"Hirzenbach",11083
1987,123,"Hirzenbach",11124
1986,123,"Hirzenbach",11199
1985,123,"Hirzenbach",11205
1984,123,"Hirzenbach",11389
1983,123,"Hirzenbach",11434
1982,123,"Hirzenbach",11540
1981,123,"Hirzenbach",11610
1980,123,"Hirzenbach",11661
1979,123,"Hirzenbach",11950
1978,123,"Hirzenbach",12052
1977,123,"Hirzenbach",12277
1976,123,"Hirzenbach",12364
1975,123,"Hirzenbach",12514
1974,123,"Hirzenbach",12759
1973,123,"Hirzenbach",12975
1972,123,"Hirzenbach",13286
1971,123,"Hirzenbach",13627
1970,123,"Hirzenbach",13723
2016,122,"Schwamendingen-Mitte",11076
2015,122,"Schwamendingen-Mitte",11315
2014,122,"Schwamendingen-Mitte",11301
2013,122,"Schwamendingen-Mitte",11209
2012,122,"Schwamendingen-Mitte",10934
2011,122,"Schwamendingen-Mitte",10863
2010,122,"Schwamendingen-Mitte",10903
2009,122,"Schwamendingen-Mitte",10857
2008,122,"Schwamendingen-Mitte",10864
2007,122,"Schwamendingen-Mitte",10806
2006,122,"Schwamendingen-Mitte",10637
2005,122,"Schwamendingen-Mitte",10322
2004,122,"Schwamendingen-Mitte",10274
2003,122,"Schwamendingen-Mitte",10389
2002,122,"Schwamendingen-Mitte",10373
2001,122,"Schwamendingen-Mitte",10430
2000,122,"Schwamendingen-Mitte",10479
1999,122,"Schwamendingen-Mitte",10390
1998,122,"Schwamendingen-Mitte",10174
1997,122,"Schwamendingen-Mitte",10237
1996,122,"Schwamendingen-Mitte",10141
1995,122,"Schwamendingen-Mitte",10248
1994,122,"Schwamendingen-Mitte",10240
1993,122,"Schwamendingen-Mitte",10175
1992,122,"Schwamendingen-Mitte",10191
1991,122,"Schwamendingen-Mitte",10269
1990,122,"Schwamendingen-Mitte",10161
1989,122,"Schwamendingen-Mitte",10166
1988,122,"Schwamendingen-Mitte",10116
1987,122,"Schwamendingen-Mitte",10164
1986,122,"Schwamendingen-Mitte",10133
1985,122,"Schwamendingen-Mitte",10209
1984,122,"Schwamendingen-Mitte",10285
1983,122,"Schwamendingen-Mitte",10453
1982,122,"Schwamendingen-Mitte",10638
1981,122,"Schwamendingen-Mitte",10692
1980,122,"Schwamendingen-Mitte",10961
1979,122,"Schwamendingen-Mitte",10990
1978,122,"Schwamendingen-Mitte",11072
1977,122,"Schwamendingen-Mitte",11243
1976,122,"Schwamendingen-Mitte",11334
1975,122,"Schwamendingen-Mitte",11583
1974,122,"Schwamendingen-Mitte",11797
1973,122,"Schwamendingen-Mitte",12118
1972,122,"Schwamendingen-Mitte",12465
1971,122,"Schwamendingen-Mitte",12738
1970,122,"Schwamendingen-Mitte",12849
2016,121,"Saatlen",8283
2015,121,"Saatlen",8508
2014,121,"Saatlen",7563
2013,121,"Saatlen",7280
2012,121,"Saatlen",7118
2011,121,"Saatlen",7131
2010,121,"Saatlen",7175
2009,121,"Saatlen",7132
2008,121,"Saatlen",6843
2007,121,"Saatlen",6842
2006,121,"Saatlen",6695
2005,121,"Saatlen",6649
2004,121,"Saatlen",6697
2003,121,"Saatlen",6583
2002,121,"Saatlen",6663
2001,121,"Saatlen",6386
2000,121,"Saatlen",6338
1999,121,"Saatlen",6554
1998,121,"Saatlen",6568
1997,121,"Saatlen",6428
1996,121,"Saatlen",6384
1995,121,"Saatlen",6442
1994,121,"Saatlen",6430
1993,121,"Saatlen",6472
1992,121,"Saatlen",6451
1991,121,"Saatlen",6420
1990,121,"Saatlen",6428
1989,121,"Saatlen",6475
1988,121,"Saatlen",6539
1987,121,"Saatlen",6566
1986,121,"Saatlen",6578
1985,121,"Saatlen",6542
1984,121,"Saatlen",6628
1983,121,"Saatlen",6682
1982,121,"Saatlen",6764
1981,121,"Saatlen",6832
1980,121,"Saatlen",6834
1979,121,"Saatlen",6785
1978,121,"Saatlen",6758
1977,121,"Saatlen",6823
1976,121,"Saatlen",6818
1975,121,"Saatlen",6846
1974,121,"Saatlen",6818
1973,121,"Saatlen",7108
1972,121,"Saatlen",7328
1971,121,"Saatlen",7299
1970,121,"Saatlen",7297
2016,119,"Seebach",25198
2015,119,"Seebach",24991
2014,119,"Seebach",24431
2013,119,"Seebach",24008
2012,119,"Seebach",23310
2011,119,"Seebach",22255
2010,119,"Seebach",22037
2009,119,"Seebach",21489
2008,119,"Seebach",21386
2007,119,"Seebach",21390
2006,119,"Seebach",20757
2005,119,"Seebach",19879
2004,119,"Seebach",19501
2003,119,"Seebach",19438
2002,119,"Seebach",18972
2001,119,"Seebach",18103
2000,119,"Seebach",17870
1999,119,"Seebach",17889
1998,119,"Seebach",17906
1997,119,"Seebach",17719
1996,119,"Seebach",17624
1995,119,"Seebach",17700
1994,119,"Seebach",17642
1993,119,"Seebach",17614
1992,119,"Seebach",17529
1991,119,"Seebach",17633
1990,119,"Seebach",17447
1989,119,"Seebach",17447
1988,119,"Seebach",17470
1987,119,"Seebach",17472
1986,119,"Seebach",17666
1985,119,"Seebach",17715
1984,119,"Seebach",17883
1983,119,"Seebach",18090
1982,119,"Seebach",18303
1981,119,"Seebach",18447
1980,119,"Seebach",18470
1979,119,"Seebach",18949
1978,119,"Seebach",18855
1977,119,"Seebach",19075
1976,119,"Seebach",19151
1975,119,"Seebach",19625
1974,119,"Seebach",19761
1973,119,"Seebach",19729
1972,119,"Seebach",19835
1971,119,"Seebach",19667
1970,119,"Seebach",19983
2016,115,"Oerlikon",22161
2015,115,"Oerlikon",21966
2014,115,"Oerlikon",21895
2013,115,"Oerlikon",21658
2012,115,"Oerlikon",21331
2011,115,"Oerlikon",21253
2010,115,"Oerlikon",20787
2009,115,"Oerlikon",20740
2008,115,"Oerlikon",20853
2007,115,"Oerlikon",20754
2006,115,"Oerlikon",20318
2005,115,"Oerlikon",19663
2004,115,"Oerlikon",19375
2003,115,"Oerlikon",19217
2002,115,"Oerlikon",18778
2001,115,"Oerlikon",18223
2000,115,"Oerlikon",17876
1999,115,"Oerlikon",17368
1998,115,"Oerlikon",17026
1997,115,"Oerlikon",16765
1996,115,"Oerlikon",16813
1995,115,"Oerlikon",17033
1994,115,"Oerlikon",16771
1993,115,"Oerlikon",16710
1992,115,"Oerlikon",16788
1991,115,"Oerlikon",16800
1990,115,"Oerlikon",16399
1989,115,"Oerlikon",16362
1988,115,"Oerlikon",16433
1987,115,"Oerlikon",16439
1986,115,"Oerlikon",16374
1985,115,"Oerlikon",16180
1984,115,"Oerlikon",16183
1983,115,"Oerlikon",16402
1982,115,"Oerlikon",16375
1981,115,"Oerlikon",16527
1980,115,"Oerlikon",16558
1979,115,"Oerlikon",16385
1978,115,"Oerlikon",16658
1977,115,"Oerlikon",16783
1976,115,"Oerlikon",17185
1975,115,"Oerlikon",17311
1974,115,"Oerlikon",17732
1973,115,"Oerlikon",18310
1972,115,"Oerlikon",18593
1971,115,"Oerlikon",19003
1970,115,"Oerlikon",19534
2016,111,"Affoltern",26054
2015,111,"Affoltern",25874
2014,111,"Affoltern",25902
2013,111,"Affoltern",25082
2012,111,"Affoltern",24855
2011,111,"Affoltern",24437
2010,111,"Affoltern",22972
2009,111,"Affoltern",22383
2008,111,"Affoltern",22044
2007,111,"Affoltern",20948
2006,111,"Affoltern",18793
2005,111,"Affoltern",18733
2004,111,"Affoltern",18886
2003,111,"Affoltern",18787
2002,111,"Affoltern",18705
2001,111,"Affoltern",18693
2000,111,"Affoltern",18387
1999,111,"Affoltern",18468
1998,111,"Affoltern",18469
1997,111,"Affoltern",18177
1996,111,"Affoltern",18122
1995,111,"Affoltern",18154
1994,111,"Affoltern",18061
1993,111,"Affoltern",18095
1992,111,"Affoltern",18137
1991,111,"Affoltern",18181
1990,111,"Affoltern",18084
1989,111,"Affoltern",18180
1988,111,"Affoltern",18156
1987,111,"Affoltern",18217
1986,111,"Affoltern",18084
1985,111,"Affoltern",17922
1984,111,"Affoltern",17885
1983,111,"Affoltern",18183
1982,111,"Affoltern",18308
1981,111,"Affoltern",18034
1980,111,"Affoltern",17966
1979,111,"Affoltern",17817
1978,111,"Affoltern",17907
1977,111,"Affoltern",18122
1976,111,"Affoltern",18234
1975,111,"Affoltern",18691
1974,111,"Affoltern",18731
1973,111,"Affoltern",18425
1972,111,"Affoltern",18436
1971,111,"Affoltern",18193
1970,111,"Affoltern",17859
2016,102,"Wipkingen",16141
2015,102,"Wipkingen",15879
2014,102,"Wipkingen",15717
2013,102,"Wipkingen",15835
2012,102,"Wipkingen",15791
2011,102,"Wipkingen",15869
2010,102,"Wipkingen",15700
2009,102,"Wipkingen",15645
2008,102,"Wipkingen",15500
2007,102,"Wipkingen",15399
2006,102,"Wipkingen",15392
2005,102,"Wipkingen",15446
2004,102,"Wipkingen",15428
2003,102,"Wipkingen",15476
2002,102,"Wipkingen",15495
2001,102,"Wipkingen",15567
2000,102,"Wipkingen",15704
1999,102,"Wipkingen",15531
1998,102,"Wipkingen",15643
1997,102,"Wipkingen",15817
1996,102,"Wipkingen",16131
1995,102,"Wipkingen",16080
1994,102,"Wipkingen",16057
1993,102,"Wipkingen",15974
1992,102,"Wipkingen",16141
1991,102,"Wipkingen",16061
1990,102,"Wipkingen",15744
1989,102,"Wipkingen",15730
1988,102,"Wipkingen",15743
1987,102,"Wipkingen",15838
1986,102,"Wipkingen",15939
1985,102,"Wipkingen",15905
1984,102,"Wipkingen",15980
1983,102,"Wipkingen",16118
1982,102,"Wipkingen",16179
1981,102,"Wipkingen",16366
1980,102,"Wipkingen",16548
1979,102,"Wipkingen",16810
1978,102,"Wipkingen",16775
1977,102,"Wipkingen",16926
1976,102,"Wipkingen",17225
1975,102,"Wipkingen",17856
1974,102,"Wipkingen",18173
1973,102,"Wipkingen",18541
1972,102,"Wipkingen",18742
1971,102,"Wipkingen",19133
1970,102,"Wipkingen",19336
2016,101,"Höngg",23423
2015,101,"Höngg",22320
2014,101,"Höngg",21826
2013,101,"Höngg",21581
2012,101,"Höngg",21537
2011,101,"Höngg",21323
2010,101,"Höngg",21179
2009,101,"Höngg",21294
2008,101,"Höngg",21186
2007,101,"Höngg",21075
2006,101,"Höngg",21017
2005,101,"Höngg",20773
2004,101,"Höngg",20856
2003,101,"Höngg",20810
2002,101,"Höngg",20570
2001,101,"Höngg",20588
2000,101,"Höngg",20423
1999,101,"Höngg",20559
1998,101,"Höngg",20054
1997,101,"Höngg",19793
1996,101,"Höngg",19604
1995,101,"Höngg",19243
1994,101,"Höngg",19184
1993,101,"Höngg",19118
1992,101,"Höngg",19290
1991,101,"Höngg",19396
1990,101,"Höngg",19150
1989,101,"Höngg",18936
1988,101,"Höngg",18894
1987,101,"Höngg",18900
1986,101,"Höngg",18958
1985,101,"Höngg",18812
1984,101,"Höngg",18334
1983,101,"Höngg",17716
1982,101,"Höngg",17397
1981,101,"Höngg",17024
1980,101,"Höngg",16953
1979,101,"Höngg",17468
1978,101,"Höngg",17502
1977,101,"Höngg",17556
1976,101,"Höngg",17591
1975,101,"Höngg",17662
1974,101,"Höngg",17276
1973,101,"Höngg",17035
1972,101,"Höngg",17018
1971,101,"Höngg",17027
1970,101,"Höngg",17059
2016,92,"Altstetten",31724
2015,92,"Altstetten",32003
2014,92,"Altstetten",31486
2013,92,"Altstetten",31115
2012,92,"Altstetten",31438
2011,92,"Altstetten",31381
2010,92,"Altstetten",30659
2009,92,"Altstetten",29845
2008,92,"Altstetten",29740
2007,92,"Altstetten",29348
2006,92,"Altstetten",28868
2005,92,"Altstetten",28278
2004,92,"Altstetten",28368
2003,92,"Altstetten",28323
2002,92,"Altstetten",28776
2001,92,"Altstetten",28783
2000,92,"Altstetten",28174
1999,92,"Altstetten",27928
1998,92,"Altstetten",27656
1997,92,"Altstetten",27663
1996,92,"Altstetten",27660
1995,92,"Altstetten",27788
1994,92,"Altstetten",27717
1993,92,"Altstetten",27871
1992,92,"Altstetten",27463
1991,92,"Altstetten",27369
1990,92,"Altstetten",27218
1989,92,"Altstetten",27137
1988,92,"Altstetten",27163
1987,92,"Altstetten",27188
1986,92,"Altstetten",27154
1985,92,"Altstetten",26812
1984,92,"Altstetten",26933
1983,92,"Altstetten",27223
1982,92,"Altstetten",27450
1981,92,"Altstetten",27581
1980,92,"Altstetten",27642
1979,92,"Altstetten",28043
1978,92,"Altstetten",28221
1977,92,"Altstetten",28496
1976,92,"Altstetten",27927
1975,92,"Altstetten",27655
1974,92,"Altstetten",27972
1973,92,"Altstetten",27716
1972,92,"Altstetten",27638
1971,92,"Altstetten",27501
1970,92,"Altstetten",27257
2016,91,"Albisrieden",21174
2015,91,"Albisrieden",19325
2014,91,"Albisrieden",19199
2013,91,"Albisrieden",19146
2012,91,"Albisrieden",18999
2011,91,"Albisrieden",18432
2010,91,"Albisrieden",17835
2009,91,"Albisrieden",17675
2008,91,"Albisrieden",17555
2007,91,"Albisrieden",17527
2006,91,"Albisrieden",17275
2005,91,"Albisrieden",17226
2004,91,"Albisrieden",17087
2003,91,"Albisrieden",17018
2002,91,"Albisrieden",16669
2001,91,"Albisrieden",16614
2000,91,"Albisrieden",16445
1999,91,"Albisrieden",16341
1998,91,"Albisrieden",16548
1997,91,"Albisrieden",16630
1996,91,"Albisrieden",16705
1995,91,"Albisrieden",16843
1994,91,"Albisrieden",17058
1993,91,"Albisrieden",17132
1992,91,"Albisrieden",17026
1991,91,"Albisrieden",17208
1990,91,"Albisrieden",17083
1989,91,"Albisrieden",17144
1988,91,"Albisrieden",17245
1987,91,"Albisrieden",17339
1986,91,"Albisrieden",17505
1985,91,"Albisrieden",17506
1984,91,"Albisrieden",17581
1983,91,"Albisrieden",17441
1982,91,"Albisrieden",17312
1981,91,"Albisrieden",17516
1980,91,"Albisrieden",17812
1979,91,"Albisrieden",18109
1978,91,"Albisrieden",18432
1977,91,"Albisrieden",18553
1976,91,"Albisrieden",18530
1975,91,"Albisrieden",18836
1974,91,"Albisrieden",19170
1973,91,"Albisrieden",19499
1972,91,"Albisrieden",19585
1971,91,"Albisrieden",19756
1970,91,"Albisrieden",19218
2016,83,"Weinegg",5030
2015,83,"Weinegg",5086
2014,83,"Weinegg",5036
2013,83,"Weinegg",5022
2012,83,"Weinegg",4783
2011,83,"Weinegg",4942
2010,83,"Weinegg",4999
2009,83,"Weinegg",4935
2008,83,"Weinegg",4961
2007,83,"Weinegg",4944
2006,83,"Weinegg",4816
2005,83,"Weinegg",4843
2004,83,"Weinegg",4771
2003,83,"Weinegg",4747
2002,83,"Weinegg",4776
2001,83,"Weinegg",4816
2000,83,"Weinegg",4804
1999,83,"Weinegg",4800
1998,83,"Weinegg",4816
1997,83,"Weinegg",4799
1996,83,"Weinegg",4900
1995,83,"Weinegg",4871
1994,83,"Weinegg",4883
1993,83,"Weinegg",4856
1992,83,"Weinegg",5164
1991,83,"Weinegg",5196
1990,83,"Weinegg",5161
1989,83,"Weinegg",5106
1988,83,"Weinegg",5202
1987,83,"Weinegg",5297
1986,83,"Weinegg",5247
1985,83,"Weinegg",5278
1984,83,"Weinegg",5360
1983,83,"Weinegg",5398
1982,83,"Weinegg",5509
1981,83,"Weinegg",5519
1980,83,"Weinegg",5620
1979,83,"Weinegg",6043
1978,83,"Weinegg",6078
1977,83,"Weinegg",6167
1976,83,"Weinegg",6212
1975,83,"Weinegg",6225
1974,83,"Weinegg",6319
1973,83,"Weinegg",6358
1972,83,"Weinegg",6455
1971,83,"Weinegg",6485
1970,83,"Weinegg",6627
2016,82,"Mühlebach",6137
2015,82,"Mühlebach",6116
2014,82,"Mühlebach",6107
2013,82,"Mühlebach",5912
2012,82,"Mühlebach",5745
2011,82,"Mühlebach",5651
2010,82,"Mühlebach",5679
2009,82,"Mühlebach",5545
2008,82,"Mühlebach",5491
2007,82,"Mühlebach",5567
2006,82,"Mühlebach",5549
2005,82,"Mühlebach",5577
2004,82,"Mühlebach",5546
2003,82,"Mühlebach",5434
2002,82,"Mühlebach",5450
2001,82,"Mühlebach",5486
2000,82,"Mühlebach",5545
1999,82,"Mühlebach",5527
1998,82,"Mühlebach",5461
1997,82,"Mühlebach",5474
1996,82,"Mühlebach",5566
1995,82,"Mühlebach",5611
1994,82,"Mühlebach",5611
1993,82,"Mühlebach",5694
1992,82,"Mühlebach",5815
1991,82,"Mühlebach",5772
1990,82,"Mühlebach",5497
1989,82,"Mühlebach",5570
1988,82,"Mühlebach",5613
1987,82,"Mühlebach",5578
1986,82,"Mühlebach",5602
1985,82,"Mühlebach",5726
1984,82,"Mühlebach",5718
1983,82,"Mühlebach",5767
1982,82,"Mühlebach",5772
1981,82,"Mühlebach",5860
1980,82,"Mühlebach",5855
1979,82,"Mühlebach",5793
1978,82,"Mühlebach",5890
1977,82,"Mühlebach",5970
1976,82,"Mühlebach",6180
1975,82,"Mühlebach",6403
1974,82,"Mühlebach",6476
1973,82,"Mühlebach",6625
1972,82,"Mühlebach",6822
1971,82,"Mühlebach",6972
1970,82,"Mühlebach",7376
2016,81,"Seefeld",5046
2015,81,"Seefeld",4990
2014,81,"Seefeld",5035
2013,81,"Seefeld",4978
2012,81,"Seefeld",4916
2011,81,"Seefeld",4908
2010,81,"Seefeld",4840
2009,81,"Seefeld",4732
2008,81,"Seefeld",4863
2007,81,"Seefeld",4920
2006,81,"Seefeld",4842
2005,81,"Seefeld",4923
2004,81,"Seefeld",4993
2003,81,"Seefeld",4996
2002,81,"Seefeld",5122
2001,81,"Seefeld",5025
2000,81,"Seefeld",4989
1999,81,"Seefeld",4969
1998,81,"Seefeld",5087
1997,81,"Seefeld",5155
1996,81,"Seefeld",5226
1995,81,"Seefeld",5281
1994,81,"Seefeld",5304
1993,81,"Seefeld",5283
1992,81,"Seefeld",5265
1991,81,"Seefeld",5305
1990,81,"Seefeld",5304
1989,81,"Seefeld",5347
1988,81,"Seefeld",5434
1987,81,"Seefeld",5500
1986,81,"Seefeld",5520
1985,81,"Seefeld",5623
1984,81,"Seefeld",5790
1983,81,"Seefeld",6016
1982,81,"Seefeld",6031
1981,81,"Seefeld",6087
1980,81,"Seefeld",6216
1979,81,"Seefeld",6163
1978,81,"Seefeld",6139
1977,81,"Seefeld",6234
1976,81,"Seefeld",6407
1975,81,"Seefeld",6618
1974,81,"Seefeld",6757
1973,81,"Seefeld",6914
1972,81,"Seefeld",7094
1971,81,"Seefeld",7442
1970,81,"Seefeld",7687
2016,74,"Witikon",10667
2015,74,"Witikon",10639
2014,74,"Witikon",10406
2013,74,"Witikon",10267
2012,74,"Witikon",10246
2011,74,"Witikon",10258
2010,74,"Witikon",10242
2009,74,"Witikon",10284
2008,74,"Witikon",10183
2007,74,"Witikon",10127
2006,74,"Witikon",9958
2005,74,"Witikon",9864
2004,74,"Witikon",9711
2003,74,"Witikon",9503
2002,74,"Witikon",9571
2001,74,"Witikon",9559
2000,74,"Witikon",9544
1999,74,"Witikon",9554
1998,74,"Witikon",9553
1997,74,"Witikon",9577
1996,74,"Witikon",9647
1995,74,"Witikon",9732
1994,74,"Witikon",9661
1993,74,"Witikon",9626
1992,74,"Witikon",9621
1991,74,"Witikon",9600
1990,74,"Witikon",9627
1989,74,"Witikon",9615
1988,74,"Witikon",9711
1987,74,"Witikon",9803
1986,74,"Witikon",9917
1985,74,"Witikon",9991
1984,74,"Witikon",10076
1983,74,"Witikon",9985
1982,74,"Witikon",9991
1981,74,"Witikon",9742
1980,74,"Witikon",9404
1979,74,"Witikon",9606
1978,74,"Witikon",9233
1977,74,"Witikon",8951
1976,74,"Witikon",8799
1975,74,"Witikon",8977
1974,74,"Witikon",9043
1973,74,"Witikon",9064
1972,74,"Witikon",8771
1971,74,"Witikon",8722
1970,74,"Witikon",8666
2016,73,"Hirslanden",7321
2015,73,"Hirslanden",7380
2014,73,"Hirslanden",7403
2013,73,"Hirslanden",7285
2012,73,"Hirslanden",7131
2011,73,"Hirslanden",7024
2010,73,"Hirslanden",6998
2009,73,"Hirslanden",6956
2008,73,"Hirslanden",6967
2007,73,"Hirslanden",6977
2006,73,"Hirslanden",6904
2005,73,"Hirslanden",6859
2004,73,"Hirslanden",6806
2003,73,"Hirslanden",6795
2002,73,"Hirslanden",6781
2001,73,"Hirslanden",6800
2000,73,"Hirslanden",6759
1999,73,"Hirslanden",6837
1998,73,"Hirslanden",6702
1997,73,"Hirslanden",6659
1996,73,"Hirslanden",6703
1995,73,"Hirslanden",6654
1994,73,"Hirslanden",6750
1993,73,"Hirslanden",6835
1992,73,"Hirslanden",6745
1991,73,"Hirslanden",6741
1990,73,"Hirslanden",6684
1989,73,"Hirslanden",6742
1988,73,"Hirslanden",6825
1987,73,"Hirslanden",6804
1986,73,"Hirslanden",6811
1985,73,"Hirslanden",6929
1984,73,"Hirslanden",6935
1983,73,"Hirslanden",6926
1982,73,"Hirslanden",6969
1981,73,"Hirslanden",7090
1980,73,"Hirslanden",7142
1979,73,"Hirslanden",7519
1978,73,"Hirslanden",7621
1977,73,"Hirslanden",7695
1976,73,"Hirslanden",7860
1975,73,"Hirslanden",7974
1974,73,"Hirslanden",8105
1973,73,"Hirslanden",8291
1972,73,"Hirslanden",8349
1971,73,"Hirslanden",8424
1970,73,"Hirslanden",8631
2016,72,"Hottingen",11113
2015,72,"Hottingen",11081
2014,72,"Hottingen",10882
2013,72,"Hottingen",10708
2012,72,"Hottingen",10447
2011,72,"Hottingen",10461
2010,72,"Hottingen",10570
2009,72,"Hottingen",10594
2008,72,"Hottingen",10548
2007,72,"Hottingen",10284
2006,72,"Hottingen",10180
2005,72,"Hottingen",10100
2004,72,"Hottingen",9926
2003,72,"Hottingen",10017
2002,72,"Hottingen",10021
2001,72,"Hottingen",10096
2000,72,"Hottingen",10147
1999,72,"Hottingen",10307
1998,72,"Hottingen",10240
1997,72,"Hottingen",10326
1996,72,"Hottingen",10348
1995,72,"Hottingen",10234
1994,72,"Hottingen",10229
1993,72,"Hottingen",10139
1992,72,"Hottingen",9987
1991,72,"Hottingen",10294
1990,72,"Hottingen",10211
1989,72,"Hottingen",10272
1988,72,"Hottingen",10365
1987,72,"Hottingen",10344
1986,72,"Hottingen",10278
1985,72,"Hottingen",10306
1984,72,"Hottingen",10438
1983,72,"Hottingen",10491
1982,72,"Hottingen",10650
1981,72,"Hottingen",10762
1980,72,"Hottingen",11052
1979,72,"Hottingen",11375
1978,72,"Hottingen",11448
1977,72,"Hottingen",11618
1976,72,"Hottingen",11794
1975,72,"Hottingen",12073
1974,72,"Hottingen",12349
1973,72,"Hottingen",12625
1972,72,"Hottingen",13191
1971,72,"Hottingen",13510
1970,72,"Hottingen",13758
2016,71,"Fluntern",8038
2015,71,"Fluntern",7953
2014,71,"Fluntern",7865
2013,71,"Fluntern",7856
2012,71,"Fluntern",7779
2011,71,"Fluntern",7873
2010,71,"Fluntern",7637
2009,71,"Fluntern",7528
2008,71,"Fluntern",7542
2007,71,"Fluntern",7455
2006,71,"Fluntern",7379
2005,71,"Fluntern",7325
2004,71,"Fluntern",7285
2003,71,"Fluntern",7102
2002,71,"Fluntern",7069
2001,71,"Fluntern",7221
2000,71,"Fluntern",7267
1999,71,"Fluntern",7298
1998,71,"Fluntern",7272
1997,71,"Fluntern",7191
1996,71,"Fluntern",7178
1995,71,"Fluntern",7151
1994,71,"Fluntern",7085
1993,71,"Fluntern",7188
1992,71,"Fluntern",6817
1991,71,"Fluntern",7057
1990,71,"Fluntern",7040
1989,71,"Fluntern",7270
1988,71,"Fluntern",7372
1987,71,"Fluntern",7409
1986,71,"Fluntern",7405
1985,71,"Fluntern",7448
1984,71,"Fluntern",7504
1983,71,"Fluntern",7653
1982,71,"Fluntern",7748
1981,71,"Fluntern",7944
1980,71,"Fluntern",7988
1979,71,"Fluntern",8135
1978,71,"Fluntern",8130
1977,71,"Fluntern",8243
1976,71,"Fluntern",8265
1975,71,"Fluntern",8355
1974,71,"Fluntern",8548
1973,71,"Fluntern",8715
1972,71,"Fluntern",8807
1971,71,"Fluntern",8943
1970,71,"Fluntern",8991
2016,63,"Oberstrass",10794
2015,63,"Oberstrass",10641
2014,63,"Oberstrass",10556
2013,63,"Oberstrass",10452
2012,63,"Oberstrass",10308
2011,63,"Oberstrass",10316
2010,63,"Oberstrass",10231
2009,63,"Oberstrass",10051
2008,63,"Oberstrass",10102
2007,63,"Oberstrass",9960
2006,63,"Oberstrass",9698
2005,63,"Oberstrass",9494
2004,63,"Oberstrass",9546
2003,63,"Oberstrass",9689
2002,63,"Oberstrass",9725
2001,63,"Oberstrass",9764
2000,63,"Oberstrass",9864
1999,63,"Oberstrass",9897
1998,63,"Oberstrass",9907
1997,63,"Oberstrass",9994
1996,63,"Oberstrass",10110
1995,63,"Oberstrass",10121
1994,63,"Oberstrass",10266
1993,63,"Oberstrass",10154
1992,63,"Oberstrass",10248
1991,63,"Oberstrass",10292
1990,63,"Oberstrass",10262
1989,63,"Oberstrass",10026
1988,63,"Oberstrass",10098
1987,63,"Oberstrass",10239
1986,63,"Oberstrass",10240
1985,63,"Oberstrass",10296
1984,63,"Oberstrass",10454
1983,63,"Oberstrass",10452
1982,63,"Oberstrass",10544
1981,63,"Oberstrass",10589
1980,63,"Oberstrass",10665
1979,63,"Oberstrass",10985
1978,63,"Oberstrass",11065
1977,63,"Oberstrass",11233
1976,63,"Oberstrass",11326
1975,63,"Oberstrass",11536
1974,63,"Oberstrass",11894
1973,63,"Oberstrass",12239
1972,63,"Oberstrass",12315
1971,63,"Oberstrass",12089
1970,63,"Oberstrass",12381
2016,61,"Unterstrass",22476
2015,61,"Unterstrass",22226
2014,61,"Unterstrass",22126
2013,61,"Unterstrass",21876
2012,61,"Unterstrass",21442
2011,61,"Unterstrass",21240
2010,61,"Unterstrass",21233
2009,61,"Unterstrass",21080
2008,61,"Unterstrass",20655
2007,61,"Unterstrass",20243
2006,61,"Unterstrass",19959
2005,61,"Unterstrass",19921
2004,61,"Unterstrass",19742
2003,61,"Unterstrass",19882
2002,61,"Unterstrass",19863
2001,61,"Unterstrass",19831
2000,61,"Unterstrass",19933
1999,61,"Unterstrass",20083
1998,61,"Unterstrass",20266
1997,61,"Unterstrass",20281
1996,61,"Unterstrass",20318
1995,61,"Unterstrass",20356
1994,61,"Unterstrass",20477
1993,61,"Unterstrass",20425
1992,61,"Unterstrass",20300
1991,61,"Unterstrass",20335
1990,61,"Unterstrass",20301
1989,61,"Unterstrass",20253
1988,61,"Unterstrass",20279
1987,61,"Unterstrass",20336
1986,61,"Unterstrass",20459
1985,61,"Unterstrass",20687
1984,61,"Unterstrass",20847
1983,61,"Unterstrass",20886
1982,61,"Unterstrass",21235
1981,61,"Unterstrass",21462
1980,61,"Unterstrass",21830
1979,61,"Unterstrass",22189
1978,61,"Unterstrass",22510
1977,61,"Unterstrass",22867
1976,61,"Unterstrass",23145
1975,61,"Unterstrass",23758
1974,61,"Unterstrass",24411
1973,61,"Unterstrass",24820
1972,61,"Unterstrass",25448
1971,61,"Unterstrass",25748
1970,61,"Unterstrass",26482
2016,52,"Escher Wyss",5825
2015,52,"Escher Wyss",5457
2014,52,"Escher Wyss",4604
2013,52,"Escher Wyss",4010
2012,52,"Escher Wyss",3343
2011,52,"Escher Wyss",3129
2010,52,"Escher Wyss",3076
2009,52,"Escher Wyss",3060
2008,52,"Escher Wyss",2971
2007,52,"Escher Wyss",3008
2006,52,"Escher Wyss",2987
2005,52,"Escher Wyss",2727
2004,52,"Escher Wyss",2624
2003,52,"Escher Wyss",2465
2002,52,"Escher Wyss",2516
2001,52,"Escher Wyss",2133
2000,52,"Escher Wyss",1929
1999,52,"Escher Wyss",1953
1998,52,"Escher Wyss",1579
1997,52,"Escher Wyss",1622
1996,52,"Escher Wyss",1641
1995,52,"Escher Wyss",1649
1994,52,"Escher Wyss",1596
1993,52,"Escher Wyss",1547
1992,52,"Escher Wyss",1569
1991,52,"Escher Wyss",1587
1990,52,"Escher Wyss",1513
1989,52,"Escher Wyss",1473
1988,52,"Escher Wyss",1491
1987,52,"Escher Wyss",1463
1986,52,"Escher Wyss",1511
1985,52,"Escher Wyss",1512
1984,52,"Escher Wyss",1570
1983,52,"Escher Wyss",1614
1982,52,"Escher Wyss",1523
1981,52,"Escher Wyss",1460
1980,52,"Escher Wyss",1514
1979,52,"Escher Wyss",1475
1978,52,"Escher Wyss",1502
1977,52,"Escher Wyss",1551
1976,52,"Escher Wyss",1624
1975,52,"Escher Wyss",1631
1974,52,"Escher Wyss",1755
1973,52,"Escher Wyss",1783
1972,52,"Escher Wyss",1903
1971,52,"Escher Wyss",1982
1970,52,"Escher Wyss",2043
2016,51,"Gewerbeschule",9598
2015,51,"Gewerbeschule",9608
2014,51,"Gewerbeschule",9539
2013,51,"Gewerbeschule",9626
2012,51,"Gewerbeschule",9824
2011,51,"Gewerbeschule",9795
2010,51,"Gewerbeschule",9688
2009,51,"Gewerbeschule",9717
2008,51,"Gewerbeschule",9751
2007,51,"Gewerbeschule",9706
2006,51,"Gewerbeschule",9735
2005,51,"Gewerbeschule",9690
2004,51,"Gewerbeschule",9773
2003,51,"Gewerbeschule",9781
2002,51,"Gewerbeschule",9900
2001,51,"Gewerbeschule",9835
2000,51,"Gewerbeschule",9824
1999,51,"Gewerbeschule",9594
1998,51,"Gewerbeschule",9464
1997,51,"Gewerbeschule",9525
1996,51,"Gewerbeschule",9700
1995,51,"Gewerbeschule",9811
1994,51,"Gewerbeschule",9773
1993,51,"Gewerbeschule",9948
1992,51,"Gewerbeschule",9893
1991,51,"Gewerbeschule",10044
1990,51,"Gewerbeschule",9767
1989,51,"Gewerbeschule",9735
1988,51,"Gewerbeschule",9686
1987,51,"Gewerbeschule",9886
1986,51,"Gewerbeschule",9779
1985,51,"Gewerbeschule",9564
1984,51,"Gewerbeschule",9208
1983,51,"Gewerbeschule",9267
1982,51,"Gewerbeschule",9300
1981,51,"Gewerbeschule",9332
1980,51,"Gewerbeschule",9563
1979,51,"Gewerbeschule",9009
1978,51,"Gewerbeschule",8948
1977,51,"Gewerbeschule",9105
1976,51,"Gewerbeschule",9514
1975,51,"Gewerbeschule",10167
1974,51,"Gewerbeschule",10410
1973,51,"Gewerbeschule",10452
1972,51,"Gewerbeschule",10559
1971,51,"Gewerbeschule",10851
1970,51,"Gewerbeschule",11030
2016,44,"Hard",12891
2015,44,"Hard",13072
2014,44,"Hard",13232
2013,44,"Hard",13241
2012,44,"Hard",12994
2011,44,"Hard",12744
2010,44,"Hard",12883
2009,44,"Hard",12902
2008,44,"Hard",12884
2007,44,"Hard",12802
2006,44,"Hard",12508
2005,44,"Hard",12715
2004,44,"Hard",12804
2003,44,"Hard",12817
2002,44,"Hard",12856
2001,44,"Hard",12841
2000,44,"Hard",12875
1999,44,"Hard",12951
1998,44,"Hard",12871
1997,44,"Hard",12884
1996,44,"Hard",12937
1995,44,"Hard",12872
1994,44,"Hard",12816
1993,44,"Hard",12747
1992,44,"Hard",12405
1991,44,"Hard",12329
1990,44,"Hard",12211
1989,44,"Hard",12179
1988,44,"Hard",12199
1987,44,"Hard",12082
1986,44,"Hard",12144
1985,44,"Hard",12230
1984,44,"Hard",12372
1983,44,"Hard",12495
1982,44,"Hard",12474
1981,44,"Hard",12720
1980,44,"Hard",12820
1979,44,"Hard",12515
1978,44,"Hard",12555
1977,44,"Hard",12547
1976,44,"Hard",12664
1975,44,"Hard",11654
1974,44,"Hard",12118
1973,44,"Hard",12518
1972,44,"Hard",12802
1971,44,"Hard",13102
1970,44,"Hard",13345
2016,42,"Langstrasse",11145
2015,42,"Langstrasse",11169
2014,42,"Langstrasse",10985
2013,42,"Langstrasse",10686
2012,42,"Langstrasse",10560
2011,42,"Langstrasse",10520
2010,42,"Langstrasse",10379
2009,42,"Langstrasse",10392
2008,42,"Langstrasse",10455
2007,42,"Langstrasse",10310
2006,42,"Langstrasse",10332
2005,42,"Langstrasse",10368
2004,42,"Langstrasse",10319
2003,42,"Langstrasse",10304
2002,42,"Langstrasse",10447
2001,42,"Langstrasse",10276
2000,42,"Langstrasse",10237
1999,42,"Langstrasse",10370
1998,42,"Langstrasse",10399
1997,42,"Langstrasse",10480
1996,42,"Langstrasse",10718
1995,42,"Langstrasse",10952
1994,42,"Langstrasse",11183
1993,42,"Langstrasse",11505
1992,42,"Langstrasse",12046
1991,42,"Langstrasse",12126
1990,42,"Langstrasse",11763
1989,42,"Langstrasse",11617
1988,42,"Langstrasse",11671
1987,42,"Langstrasse",11539
1986,42,"Langstrasse",11484
1985,42,"Langstrasse",11288
1984,42,"Langstrasse",11402
1983,42,"Langstrasse",11650
1982,42,"Langstrasse",11630
1981,42,"Langstrasse",11848
1980,42,"Langstrasse",11949
1979,42,"Langstrasse",12043
1978,42,"Langstrasse",12161
1977,42,"Langstrasse",12360
1976,42,"Langstrasse",12559
1975,42,"Langstrasse",13157
1974,42,"Langstrasse",13553
1973,42,"Langstrasse",13841
1972,42,"Langstrasse",14437
1971,42,"Langstrasse",14571
1970,42,"Langstrasse",14879
2016,41,"Werd",4594
2015,41,"Werd",4460
2014,41,"Werd",4428
2013,41,"Werd",4188
2012,41,"Werd",4195
2011,41,"Werd",4189
2010,41,"Werd",4167
2009,41,"Werd",4104
2008,41,"Werd",4015
2007,41,"Werd",3944
2006,41,"Werd",3865
2005,41,"Werd",3878
2004,41,"Werd",3763
2003,41,"Werd",3788
2002,41,"Werd",3850
2001,41,"Werd",3838
2000,41,"Werd",3917
1999,41,"Werd",3966
1998,41,"Werd",3913
1997,41,"Werd",3928
1996,41,"Werd",3979
1995,41,"Werd",4005
1994,41,"Werd",4125
1993,41,"Werd",4048
1992,41,"Werd",3984
1991,41,"Werd",3884
1990,41,"Werd",3740
1989,41,"Werd",3749
1988,41,"Werd",3818
1987,41,"Werd",3805
1986,41,"Werd",3817
1985,41,"Werd",3843
1984,41,"Werd",3891
1983,41,"Werd",3904
1982,41,"Werd",3930
1981,41,"Werd",3916
1980,41,"Werd",3932
1979,41,"Werd",4004
1978,41,"Werd",4008
1977,41,"Werd",4068
1976,41,"Werd",4162
1975,41,"Werd",4250
1974,41,"Werd",4377
1973,41,"Werd",4547
1972,41,"Werd",4526
1971,41,"Werd",4558
1970,41,"Werd",4652
2016,34,"Sihlfeld",21177
2015,34,"Sihlfeld",21339
2014,34,"Sihlfeld",21195
2013,34,"Sihlfeld",20931
2012,34,"Sihlfeld",20831
2011,34,"Sihlfeld",20307
2010,34,"Sihlfeld",20115
2009,34,"Sihlfeld",20464
2008,34,"Sihlfeld",20543
2007,34,"Sihlfeld",20372
2006,34,"Sihlfeld",20314
2005,34,"Sihlfeld",20554
2004,34,"Sihlfeld",20567
2003,34,"Sihlfeld",20663
2002,34,"Sihlfeld",20731
2001,34,"Sihlfeld",20704
2000,34,"Sihlfeld",20887
1999,34,"Sihlfeld",20997
1998,34,"Sihlfeld",21018
1997,34,"Sihlfeld",21132
1996,34,"Sihlfeld",21233
1995,34,"Sihlfeld",21453
1994,34,"Sihlfeld",21569
1993,34,"Sihlfeld",21536
1992,34,"Sihlfeld",21406
1991,34,"Sihlfeld",21222
1990,34,"Sihlfeld",20726
1989,34,"Sihlfeld",20525
1988,34,"Sihlfeld",20673
1987,34,"Sihlfeld",20556
1986,34,"Sihlfeld",20736
1985,34,"Sihlfeld",20689
1984,34,"Sihlfeld",20995
1983,34,"Sihlfeld",21151
1982,34,"Sihlfeld",21580
1981,34,"Sihlfeld",21658
1980,34,"Sihlfeld",21775
1979,34,"Sihlfeld",21989
1978,34,"Sihlfeld",21905
1977,34,"Sihlfeld",22154
1976,34,"Sihlfeld",22414
1975,34,"Sihlfeld",23184
1974,34,"Sihlfeld",23570
1973,34,"Sihlfeld",24177
1972,34,"Sihlfeld",24937
1971,34,"Sihlfeld",25272
1970,34,"Sihlfeld",25686
2016,33,"Friesenberg",11002
2015,33,"Friesenberg",10698
2014,33,"Friesenberg",10695
2013,33,"Friesenberg",10696
2012,33,"Friesenberg",10986
2011,33,"Friesenberg",10622
2010,33,"Friesenberg",10596
2009,33,"Friesenberg",11003
2008,33,"Friesenberg",10325
2007,33,"Friesenberg",10296
2006,33,"Friesenberg",10342
2005,33,"Friesenberg",10360
2004,33,"Friesenberg",10326
2003,33,"Friesenberg",10387
2002,33,"Friesenberg",10188
2001,33,"Friesenberg",10042
2000,33,"Friesenberg",9972
1999,33,"Friesenberg",10013
1998,33,"Friesenberg",10029
1997,33,"Friesenberg",9991
1996,33,"Friesenberg",9993
1995,33,"Friesenberg",10155
1994,33,"Friesenberg",10213
1993,33,"Friesenberg",10167
1992,33,"Friesenberg",10039
1991,33,"Friesenberg",10126
1990,33,"Friesenberg",10037
1989,33,"Friesenberg",10066
1988,33,"Friesenberg",9969
1987,33,"Friesenberg",9955
1986,33,"Friesenberg",10008
1985,33,"Friesenberg",10111
1984,33,"Friesenberg",10182
1983,33,"Friesenberg",10233
1982,33,"Friesenberg",10309
1981,33,"Friesenberg",10416
1980,33,"Friesenberg",10455
1979,33,"Friesenberg",10680
1978,33,"Friesenberg",10777
1977,33,"Friesenberg",10782
1976,33,"Friesenberg",10909
1975,33,"Friesenberg",11107
1974,33,"Friesenberg",11332
1973,33,"Friesenberg",11430
1972,33,"Friesenberg",11165
1971,33,"Friesenberg",11408
1970,33,"Friesenberg",11263
2016,31,"Alt-Wiedikon",17321
2015,31,"Alt-Wiedikon",17158
2014,31,"Alt-Wiedikon",16918
2013,31,"Alt-Wiedikon",16706
2012,31,"Alt-Wiedikon",16109
2011,31,"Alt-Wiedikon",16014
2010,31,"Alt-Wiedikon",15988
2009,31,"Alt-Wiedikon",15504
2008,31,"Alt-Wiedikon",15727
2007,31,"Alt-Wiedikon",15440
2006,31,"Alt-Wiedikon",15231
2005,31,"Alt-Wiedikon",14971
2004,31,"Alt-Wiedikon",14551
2003,31,"Alt-Wiedikon",14459
2002,31,"Alt-Wiedikon",14811
2001,31,"Alt-Wiedikon",14692
2000,31,"Alt-Wiedikon",14789
1999,31,"Alt-Wiedikon",14889
1998,31,"Alt-Wiedikon",14975
1997,31,"Alt-Wiedikon",15000
1996,31,"Alt-Wiedikon",14869
1995,31,"Alt-Wiedikon",14719
1994,31,"Alt-Wiedikon",14803
1993,31,"Alt-Wiedikon",14637
1992,31,"Alt-Wiedikon",14454
1991,31,"Alt-Wiedikon",14194
1990,31,"Alt-Wiedikon",13679
1989,31,"Alt-Wiedikon",13535
1988,31,"Alt-Wiedikon",13338
1987,31,"Alt-Wiedikon",13160
1986,31,"Alt-Wiedikon",13350
1985,31,"Alt-Wiedikon",13376
1984,31,"Alt-Wiedikon",13680
1983,31,"Alt-Wiedikon",13661
1982,31,"Alt-Wiedikon",13800
1981,31,"Alt-Wiedikon",13689
1980,31,"Alt-Wiedikon",13920
1979,31,"Alt-Wiedikon",13866
1978,31,"Alt-Wiedikon",14138
1977,31,"Alt-Wiedikon",14305
1976,31,"Alt-Wiedikon",14593
1975,31,"Alt-Wiedikon",15035
1974,31,"Alt-Wiedikon",15273
1973,31,"Alt-Wiedikon",15272
1972,31,"Alt-Wiedikon",15572
1971,31,"Alt-Wiedikon",16027
1970,31,"Alt-Wiedikon",16386
2016,24,"Enge",9422
2015,24,"Enge",9257
2014,24,"Enge",9083
2013,24,"Enge",8836
2012,24,"Enge",8702
2011,24,"Enge",8684
2010,24,"Enge",8597
2009,24,"Enge",8668
2008,24,"Enge",8552
2007,24,"Enge",8473
2006,24,"Enge",8367
2005,24,"Enge",8375
2004,24,"Enge",8209
2003,24,"Enge",8228
2002,24,"Enge",8279
2001,24,"Enge",8102
2000,24,"Enge",8189
1999,24,"Enge",8134
1998,24,"Enge",8150
1997,24,"Enge",8164
1996,24,"Enge",8155
1995,24,"Enge",8174
1994,24,"Enge",8122
1993,24,"Enge",8125
1992,24,"Enge",7956
1991,24,"Enge",8008
1990,24,"Enge",8082
1989,24,"Enge",8171
1988,24,"Enge",8320
1987,24,"Enge",8365
1986,24,"Enge",8304
1985,24,"Enge",8403
1984,24,"Enge",8528
1983,24,"Enge",8581
1982,24,"Enge",8750
1981,24,"Enge",8971
1980,24,"Enge",9162
1979,24,"Enge",9119
1978,24,"Enge",9210
1977,24,"Enge",9178
1976,24,"Enge",9417
1975,24,"Enge",9672
1974,24,"Enge",9971
1973,24,"Enge",10343
1972,24,"Enge",10516
1971,24,"Enge",10882
1970,24,"Enge",11473
2016,23,"Leimbach",6173
2015,23,"Leimbach",6102
2014,23,"Leimbach",5936
2013,23,"Leimbach",5730
2012,23,"Leimbach",5354
2011,23,"Leimbach",5340
2010,23,"Leimbach",5293
2009,23,"Leimbach",5287
2008,23,"Leimbach",5185
2007,23,"Leimbach",5204
2006,23,"Leimbach",4944
2005,23,"Leimbach",4867
2004,23,"Leimbach",4778
2003,23,"Leimbach",4830
2002,23,"Leimbach",4681
2001,23,"Leimbach",4668
2000,23,"Leimbach",4644
1999,23,"Leimbach",4650
1998,23,"Leimbach",4619
1997,23,"Leimbach",4484
1996,23,"Leimbach",4553
1995,23,"Leimbach",4647
1994,23,"Leimbach",4598
1993,23,"Leimbach",4555
1992,23,"Leimbach",4567
1991,23,"Leimbach",4629
1990,23,"Leimbach",4586
1989,23,"Leimbach",4631
1988,23,"Leimbach",4695
1987,23,"Leimbach",4720
1986,23,"Leimbach",4783
1985,23,"Leimbach",4834
1984,23,"Leimbach",4905
1983,23,"Leimbach",4919
1982,23,"Leimbach",4977
1981,23,"Leimbach",4968
1980,23,"Leimbach",4635
1979,23,"Leimbach",4575
1978,23,"Leimbach",4604
1977,23,"Leimbach",4496
1976,23,"Leimbach",4273
1975,23,"Leimbach",4162
1974,23,"Leimbach",4085
1973,23,"Leimbach",3763
1972,23,"Leimbach",3752
1971,23,"Leimbach",3780
1970,23,"Leimbach",3859
2016,21,"Wollishofen",16567
2015,21,"Wollishofen",16244
2014,21,"Wollishofen",16137
2013,21,"Wollishofen",15937
2012,21,"Wollishofen",16029
2011,21,"Wollishofen",16055
2010,21,"Wollishofen",15988
2009,21,"Wollishofen",15854
2008,21,"Wollishofen",15794
2007,21,"Wollishofen",15744
2006,21,"Wollishofen",15587
2005,21,"Wollishofen",15592
2004,21,"Wollishofen",15499
2003,21,"Wollishofen",15468
2002,21,"Wollishofen",15771
2001,21,"Wollishofen",15928
2000,21,"Wollishofen",16102
1999,21,"Wollishofen",15896
1998,21,"Wollishofen",15826
1997,21,"Wollishofen",15820
1996,21,"Wollishofen",15844
1995,21,"Wollishofen",15918
1994,21,"Wollishofen",15902
1993,21,"Wollishofen",15927
1992,21,"Wollishofen",16008
1991,21,"Wollishofen",16201
1990,21,"Wollishofen",15798
1989,21,"Wollishofen",15804
1988,21,"Wollishofen",15926
1987,21,"Wollishofen",16063
1986,21,"Wollishofen",16008
1985,21,"Wollishofen",16146
1984,21,"Wollishofen",16332
1983,21,"Wollishofen",16502
1982,21,"Wollishofen",16761
1981,21,"Wollishofen",16668
1980,21,"Wollishofen",16708
1979,21,"Wollishofen",16913
1978,21,"Wollishofen",17099
1977,21,"Wollishofen",16971
1976,21,"Wollishofen",17134
1975,21,"Wollishofen",17345
1974,21,"Wollishofen",17650
1973,21,"Wollishofen",17819
1972,21,"Wollishofen",18293
1971,21,"Wollishofen",18046
1970,21,"Wollishofen",18372
2016,14,"City",810
2015,14,"City",805
2014,14,"City",791
2013,14,"City",783
2012,14,"City",799
2011,14,"City",779
2010,14,"City",835
2009,14,"City",853
2008,14,"City",843
2007,14,"City",876
2006,14,"City",845
2005,14,"City",846
2004,14,"City",843
2003,14,"City",886
2002,14,"City",910
2001,14,"City",907
2000,14,"City",929
1999,14,"City",967
1998,14,"City",1030
1997,14,"City",996
1996,14,"City",981
1995,14,"City",1007
1994,14,"City",845
1993,14,"City",884
1992,14,"City",744
1991,14,"City",777
1990,14,"City",827
1989,14,"City",801
1988,14,"City",824
1987,14,"City",822
1986,14,"City",800
1985,14,"City",779
1984,14,"City",891
1983,14,"City",902
1982,14,"City",956
1981,14,"City",1033
1980,14,"City",1104
1979,14,"City",929
1978,14,"City",910
1977,14,"City",949
1976,14,"City",977
1975,14,"City",1046
1974,14,"City",1132
1973,14,"City",1213
1972,14,"City",1384
1971,14,"City",1534
1970,14,"City",1820
2016,13,"Lindenhof",972
2015,13,"Lindenhof",974
2014,13,"Lindenhof",955
2013,13,"Lindenhof",923
2012,13,"Lindenhof",935
2011,13,"Lindenhof",950
2010,13,"Lindenhof",951
2009,13,"Lindenhof",940
2008,13,"Lindenhof",940
2007,13,"Lindenhof",954
2006,13,"Lindenhof",955
2005,13,"Lindenhof",950
2004,13,"Lindenhof",947
2003,13,"Lindenhof",942
2002,13,"Lindenhof",950
2001,13,"Lindenhof",948
2000,13,"Lindenhof",989
1999,13,"Lindenhof",1032
1998,13,"Lindenhof",995
1997,13,"Lindenhof",1025
1996,13,"Lindenhof",1044
1995,13,"Lindenhof",1096
1994,13,"Lindenhof",1087
1993,13,"Lindenhof",1136
1992,13,"Lindenhof",916
1991,13,"Lindenhof",933
1990,13,"Lindenhof",930
1989,13,"Lindenhof",937
1988,13,"Lindenhof",1011
1987,13,"Lindenhof",1013
1986,13,"Lindenhof",1005
1985,13,"Lindenhof",1084
1984,13,"Lindenhof",1114
1983,13,"Lindenhof",1178
1982,13,"Lindenhof",1259
1981,13,"Lindenhof",1304
1980,13,"Lindenhof",1331
1979,13,"Lindenhof",1404
1978,13,"Lindenhof",1490
1977,13,"Lindenhof",1451
1976,13,"Lindenhof",1463
1975,13,"Lindenhof",1541
1974,13,"Lindenhof",1679
1973,13,"Lindenhof",1738
1972,13,"Lindenhof",1847
1971,13,"Lindenhof",1956
1970,13,"Lindenhof",2075
2016,12,"Hochschulen",640
2015,12,"Hochschulen",641
2014,12,"Hochschulen",634
2013,12,"Hochschulen",665
2012,12,"Hochschulen",673
2011,12,"Hochschulen",681
2010,12,"Hochschulen",678
2009,12,"Hochschulen",673
2008,12,"Hochschulen",702
2007,12,"Hochschulen",698
2006,12,"Hochschulen",711
2005,12,"Hochschulen",695
2004,12,"Hochschulen",725
2003,12,"Hochschulen",723
2002,12,"Hochschulen",727
2001,12,"Hochschulen",738
2000,12,"Hochschulen",759
1999,12,"Hochschulen",769
1998,12,"Hochschulen",792
1997,12,"Hochschulen",762
1996,12,"Hochschulen",753
1995,12,"Hochschulen",782
1994,12,"Hochschulen",806
1993,12,"Hochschulen",808
1992,12,"Hochschulen",803
1991,12,"Hochschulen",791
1990,12,"Hochschulen",789
1989,12,"Hochschulen",756
1988,12,"Hochschulen",811
1987,12,"Hochschulen",838
1986,12,"Hochschulen",898
1985,12,"Hochschulen",952
1984,12,"Hochschulen",943
1983,12,"Hochschulen",975
1982,12,"Hochschulen",1020
1981,12,"Hochschulen",1003
1980,12,"Hochschulen",1034
1979,12,"Hochschulen",1035
1978,12,"Hochschulen",1084
1977,12,"Hochschulen",1084
1976,12,"Hochschulen",1113
1975,12,"Hochschulen",1184
1974,12,"Hochschulen",1211
1973,12,"Hochschulen",1277
1972,12,"Hochschulen",1319
1971,12,"Hochschulen",1349
1970,12,"Hochschulen",1459
2016,11,"Rathaus",3226
2015,11,"Rathaus",3197
2014,11,"Rathaus",3236
2013,11,"Rathaus",3194
2012,11,"Rathaus",3164
2011,11,"Rathaus",3140
2010,11,"Rathaus",3099
2009,11,"Rathaus",3110
2008,11,"Rathaus",3051
2007,11,"Rathaus",3079
2006,11,"Rathaus",3097
2005,11,"Rathaus",3081
2004,11,"Rathaus",3115
2003,11,"Rathaus",3149
2002,11,"Rathaus",3128
2001,11,"Rathaus",3103
2000,11,"Rathaus",3109
1999,11,"Rathaus",3104
1998,11,"Rathaus",3050
1997,11,"Rathaus",3083
1996,11,"Rathaus",3078
1995,11,"Rathaus",3049
1994,11,"Rathaus",3089
1993,11,"Rathaus",3133
1992,11,"Rathaus",3094
1991,11,"Rathaus",3173
1990,11,"Rathaus",3145
1989,11,"Rathaus",3161
1988,11,"Rathaus",3187
1987,11,"Rathaus",3218
1986,11,"Rathaus",3177
1985,11,"Rathaus",3181
1984,11,"Rathaus",3277
1983,11,"Rathaus",3304
1982,11,"Rathaus",3356
1981,11,"Rathaus",3501
1980,11,"Rathaus",3539
1979,11,"Rathaus",3551
1978,11,"Rathaus",3710
1977,11,"Rathaus",3802
1976,11,"Rathaus",3836
1975,11,"Rathaus",3980
1974,11,"Rathaus",4054
1973,11,"Rathaus",4297
1972,11,"Rathaus",4457
1971,11,"Rathaus",4572
1970,11,"Rathaus",4916
